{"cameraMode":{"drawMode":0,"name":"Shaded","section":"Shading Mode"},"sceneLighting":false,"audioPlay":false,"sceneViewState":{"m_AlwaysRefresh":false,"showFog":true,"showSkybox":false,"showFlares":true,"showImageEffects":true,"showParticleSystems":true,"showVisualEffectGraphs":true,"m_FxEnabled":true},"in2DMode":false,"pivot":{"x":-5.960464477539063e-8,"y":0.9738118648529053,"z":0.14929842948913575},"rotation":{"x":0.00242919591255486,"y":0.9922372102737427,"z":-0.12297657877206803,"w":0.019650962203741075},"size":1.868543267250061,"orthographic":false}