{"cameraMode":{"drawMode":0,"name":"Shaded","section":"Shading Mode"},"sceneLighting":true,"audioPlay":false,"sceneViewState":{"m_AlwaysRefresh":false,"showFog":true,"showSkybox":true,"showFlares":true,"showImageEffects":true,"showParticleSystems":true,"showVisualEffectGraphs":true,"m_FxEnabled":true},"in2DMode":false,"pivot":{"x":-0.48669999837875368,"y":1.5707999467849732,"z":0.15450000762939454},"rotation":{"x":0.0035390169359743597,"y":0.5439536571502686,"z":0.002244536066427827,"w":-0.839189887046814},"size":0.424264132976532,"orthographic":false}